<!DOCTYPE suite SYSTEM "http://testng.org/testng-1.0.dtd" >

<suite name="GURUKULA APP TEST" verbose="1" >
	<test name="Branch Test" preserve-order="true">
		<classes>
		<class name="main.test.RegistrationTest"/>
		<class name="main.test.LoginTest">
			<parameter name="username" value="admin"></parameter>
	      	<parameter name="pwd" value="admin"></parameter> 
	    </class>
		<class name="main.test.SettingTest">
			<parameter name="firstname" value="aashvi"></parameter>
	      	<parameter name="lastname" value="shet"></parameter>
	      	<parameter name="email" value="aashvi.shet@gmail.com"></parameter>
	     </class>
	     <class name="main.test.PasswordTest">
			<parameter name="newPassword" value="aashvi@123$"></parameter>
	     </class>
		<class name="main.test.BranchTest"/> 
		</classes>
	</test>
	<test name="Staff Test"  preserve-order="true">
		<classes>
			<class name="main.test.StaffTest"/>
		</classes>
	</test>
</suite>
